<?xml version="1.0" encoding="UTF-8" ?>
<document>
    <English name="name" value="value">The world has many languages</English>
    <Russian name="название(имя)" value="ценность">Мир имеет много языков</Russian>
    <Spanish name="el nombre" value="el valor">el mundo tiene muchos idiomas</Spanish>
    <SimplifiedChinese name="名字" value="价值">世界有很多语言</SimplifiedChinese>
    <Русский название="name" ценность="value">&lt;имеет&gt;</Русский>
    <汉语 名字="name" 价值="value">世界有很多语言</汉语>
    <Heavy>&quot;Mëtæl!&quot;</Heavy>
    <ä>Umlaut Element</ä>
</document>
